Region data,Center_X,Center_Y,BV0_X,BV0_Y,BV1_X,BV1_Y,BV2_X,BV2_Y,BV3_X,BV3_Y,BV4_X,BV4_Y,BV5_X,BV5_Y,BV6_X,BV6_Y,BV7_X,BV7_Y,,,,,,,,
,-95.9,76.19,-145.2451,127.3882,-103.4273,143.4415,-26.61707,70.2774,-69.27552,8.241499,-170.1689,35.84933,,,,,,,,,,,,,,
Zones data,,,,,,,,,,,,,,,,,,,,,,,,,,
Name,Center_X,Center_Y,BV0_X,BV0_Y,BV1_X,BV1_Y,BV2_X,BV2_Y,BV3_X,BV3_Y,BV4_X,BV4_Y,BV5_X,BV5_Y,BV6_X,BV6_Y,BV7_X,BV7_Y,Connection_1,Connection_2,Connection_3,Connection_4,Connection_5,Connection_6,Connection_7,Connection_8
R6_P0,11.69875,20.92399,-143.6046,125.3875,-101.4989,141.4551,-27.68211,71.16764,-100.1089,73.23357,,,,,,,,,,R0_P18,R6_P2,R6_P1,,,,,
R6_P1,-41.51452,4.221359,-169.9634,35.14233,-150.9877,102.9286,-143.6046,125.3875,-100.1089,73.23357,,,,,,,,,R5_P0,,R6_P0,R6_P3,,,,,
R6_P2,37.62806,-15.85479,-100.1089,73.23357,-27.68211,71.16764,-50.14768,35.07326,,,,,,,,,,,R6_P0,R1_P11,R6_P3,,,,,,
R6_P3,-2.169807,-36.46237,-169.9634,35.14233,-100.1089,73.23357,-50.14768,35.07326,-70.01708,6.904797,,,,,,,,,R6_P1,R6_P2,R1_P12,R7_P0,,,,,
