Region data,Center_X,Center_Y,BV0_X,BV0_Y,BV1_X,BV1_Y,BV2_X,BV2_Y,BV3_X,BV3_Y,BV4_X,BV4_Y,BV5_X,BV5_Y,BV6_X,BV6_Y,BV7_X,BV7_Y,,,,,,,,
,-136.0828,-32.80685,-217.5084,-106.1468,-273.1756,-0.2687374,-170.1689,35.84932,-69.27552,8.241495,12.92879,-56.75569,-67.50167,-122.1608,,,,,,,,,,,,
Zones data,,,,,,,,,,,,,,,,,,,,,,,,,,
Name,Center_X,Center_Y,BV0_X,BV0_Y,BV1_X,BV1_Y,BV2_X,BV2_Y,BV3_X,BV3_Y,BV4_X,BV4_Y,BV5_X,BV5_Y,BV6_X,BV6_Y,BV7_X,BV7_Y,Connection_1,Connection_2,Connection_3,Connection_4,Connection_5,Connection_6,Connection_7,Connection_8
R7_P0,-12.27246,22.41233,-116.936,-55.68688,-198.8783,-45.10562,-240.3313,11.21493,-169.9634,35.14233,-70.01708,6.904799,-49.38668,-8.313658,,,,,R7_P2,R7_P1,R5_P1,R6_P3,R1_P12,R7_P4,,,
R7_P1,-81.95758,-22.33205,-217.0732,-105.7909,-272.3133,-0.01279449,-240.3313,11.21493,-198.8783,-45.10562,-178.9819,-109.6512,,,,,,,,R5_P2,R7_P0,R7_P2,,,,,
R7_P2,-28.29047,-38.61409,-178.9819,-109.6512,-198.8783,-45.10562,-116.936,-55.68688,,,,,,,,,,,R7_P1,R7_P0,R7_P3,,,,,,
R7_P3,29.08443,-57.01175,-178.9819,-109.6512,-116.936,-55.68688,-73.90814,-75.82518,-69.97538,-121.7063,,,,,,,,,R7_P2,R7_P4,R7_P6,,,,,,
R7_P4,75.46519,-10.53927,-73.90814,-75.82518,-116.936,-55.68688,-49.38668,-8.313662,-12.88966,-36.55801,,,,,,,,,R7_P3,R7_P0,R1_P16,R7_P5,,,,,
R7_P5,119.7465,-19.47819,-73.90814,-75.82518,-12.88965,-36.55801,11.90889,-55.51699,,,,,,,,,,,R7_P4,R1_P14,R7_P6,,,,,,
R7_P6,92.75632,-50.86643,-69.97538,-121.7063,-73.90814,-75.82518,11.90889,-55.51699,,,,,,,,,,,R7_P3,R7_P5,,,,,,,
