Region data,Center_X,Center_Y,BV0_X,BV0_Y,BV1_X,BV1_Y,BV2_X,BV2_Y,BV3_X,BV3_Y,BV4_X,BV4_Y,BV5_X,BV5_Y,BV6_X,BV6_Y,BV7_X,BV7_Y,,,,,,,,
,69.68404,240.9181,-21.95521,184.0732,0.5927505,287.0363,138.2942,278.4661,137.426,194.3874,,,,,,,,,,,,,,,,
Zones data,,,,,,,,,,,,,,,,,,,,,,,,,,
Name,Center_X,Center_Y,BV0_X,BV0_Y,BV1_X,BV1_Y,BV2_X,BV2_Y,BV3_X,BV3_Y,BV4_X,BV4_Y,BV5_X,BV5_Y,BV6_X,BV6_Y,BV7_X,BV7_Y,Connection_1,Connection_2,Connection_3,Connection_4,Connection_5,Connection_6,Connection_7,Connection_8
R10_P0,-63.21494,-23.12357,-19.27961,195.0409,-13.85472,229.1582,43.04885,223.9925,10.09648,191.3313,,,,,,,,,R9_P17,R10_P1,,,,,,,
R10_P1,-52.95956,9.882111,-13.85472,229.1582,-0.009338379,285.7966,44.50949,256.246,43.04885,223.9925,,,,,,,,,R9_P16,R10_P4,R10_P2,R10_P0,,,,,
R10_P2,19.53766,-8.223297,55.74014,195.4386,43.04885,223.9925,44.50949,256.246,138.1861,246.366,138.1354,209.2706,101.0539,199.347,,,,,,R10_P1,R10_P3,R11_P0,,,,,
R10_P3,43.09864,17.20424,44.50949,256.246,84.60168,280.4131,137.9088,277.8475,138.1861,246.366,,,,,,,,,R10_P4,,R11_P4,R10_P2,,,,,
R10_P4,-25.24426,31.02025,44.50949,256.246,-0.009334565,285.7966,84.60168,280.4131,,,,,,,,,,,R10_P1,,R10_P3,,,,,,
