Region data,Center_X,Center_Y,BV0_X,BV0_Y,BV1_X,BV1_Y,BV2_X,BV2_Y,BV3_X,BV3_Y,BV4_X,BV4_Y,BV5_X,BV5_Y,BV6_X,BV6_Y,BV7_X,BV7_Y,,,,,,,,
,-137.3657,68.97936,-94.54042,149.7388,-76.8597,88.01754,-39.53949,62.03742,-70.20854,6.701284,-227.7622,49.64046,-209.6248,94.77116,-191.6554,103.2977,-161.0394,104.657,-143.8123,128.0262,,,,,,
Zones data,,,,,,,,,,,,,,,,,,,,,,,,,,
Name,Center_X,Center_Y,BV0_X,BV0_Y,BV1_X,BV1_Y,BV2_X,BV2_Y,BV3_X,BV3_Y,BV4_X,BV4_Y,BV5_X,BV5_Y,BV6_X,BV6_Y,BV7_X,BV7_Y,Connection_1,Connection_2,Connection_3,Connection_4,Connection_5,Connection_6,Connection_7,Connection_8
R6_P2,-3.999573,26.54279,-154.4075,70.87911,-161.944,103.5226,-138.469,123.5938,-117.9236,95.79194,,,,,,,,,R6_P12,,R6_P7,R6_P9,,,,,
R6_P6,79.08102,-12.14507,-73.91979,56.84479,-61.82898,76.27184,-40.08521,62.73066,-52.74479,38.26973,,,,,,,,,R6_P10,R0_P25,R1_P11,R6_P5,,,,,
R6_P12,-45.71922,17.39076,-220.0946,69.94825,-209.9153,92.96907,-191.4465,102.6059,-161.944,103.5226,-154.4075,70.87911,,,,,,,R5_P23,,,R6_P2,R6_P11,,,,
R6_P11,-48.7012,-12.1877,-227.4863,49.368,-220.0946,69.94825,-154.4075,70.87911,-161.6234,31.03844,,,,,,,,,R5_P21,R6_P12,R6_P8,R7_P9,,,,,
R6_P5,56.89626,-40.53442,-70.01708,6.904798,-115.2017,18.67052,-99.17769,43.81042,-73.91979,56.84479,-52.74479,38.26973,,,,,,,R7_P16,R6_P8,R6_P10,R6_P6,R1_P12,,,,
R6_P7,37.09975,42.10788,-101.6405,87.63255,-117.9236,95.79194,-138.469,123.5938,-91.12262,139.9268,-84.22141,114.2043,-77.1971,87.5495,,,,,R6_P9,R6_P2,,R0_P30,R0_P24,R6_P10,,,
R6_P8,6.745926,-26.70793,-161.6234,31.03844,-154.4075,70.87911,-121.3619,63.58041,-99.17769,43.81042,-115.2017,18.67052,,,,,,,R6_P11,R6_P9,R6_P10,R6_P5,R7_P16,,,,
R6_P9,13.39748,11.19202,-154.4075,70.87911,-117.9236,95.79194,-101.6405,87.63255,-121.3619,63.58041,,,,,,,,,R6_P2,R6_P7,R6_P10,R6_P8,,,,,
R6_P10,46.54579,-0.07268524,-99.17769,43.81042,-121.3619,63.58041,-101.6405,87.63255,-77.1971,87.5495,-61.82898,76.27184,-73.91979,56.84479,,,,,R6_P8,R6_P9,R6_P7,R0_P24,R6_P6,R6_P5,,,
